season,name,x1,x2,x3,x4,x5,x6,x7,x8,x9,x10,x11,x12,x13,x14,x15,x16,x17,x18,x19,x20,x21,x22,x23,x24,x25,x26,x27,x28,x29,x30,x31,x32,x33,x34,x35,x36,x37,x38,x39,x40,x41,x42,x43,x44,x45,x46,x47,x48,x49,x50,x51,x52,x53,x54,x55,x56,x57,x58,x59,x60,x61,x62,x63,x64,x65,x66,x67,x68,x69,x70,x71,x72,x73,x74,x75,x76,x77,x78,x79,x80,x81,x82,x83,x84,x85,x86,x87,x88,x89,x90,x91,x92,x93,x94,x95,x96,x97,x98,x99,x100,x101,x102,x103,x104,x105,x106,x107,x108,x109,x110,x111,x112,x113,x114,x115,x116,x117,x118,x119,x120,x121,x122,x123,x124,x125,x126,x127,x128,x129,x130,x131,x132,x133,x134,x135,x136,x137,x138,x139,x140,x141,x142,x143,x144,x145,x146,x147,x148,x149,x150,x151,x152,x153,x154,x155,x156,x157,x158,x159,x160,x161,x162,x163,x164,x165,x166,x167,x168,x169,x170,x171,x172,x173,x174,x175,x176,x177,x178,x179,x180,x181,x182,x183,x184,x185,x186,x187,x188,x189,x190,x191,x192,x193,x194,x195,x196,x197,x198,x199,x200,x201,x202,x203,x204,x205,x206,x207,x208,x209,x210,x211,x212,x213,x214,x215,x216,x217,x218,x219,x220,x221,x222,x223,x224,x225,x226,x227,x228,x229,x230,x231,x232,x233,x234,x235,x236,x237,x238,x239,x240,x241,x242,x243,x244,x245,x246,x247,x248,x249,x250,x251,x252,x253,x254,x255,x256,x257,x258,x259,x260,x261,x262,x263,x264,x265,x266,x267,x268,x269,x270,x271,x272,x273,x274,x275,x276,x277,x278,x279,x280,x281,x282,x283,x284,x285,x286,x287,x288,x289,x290,x291,x292,x293,x294,x295,x296,x297,x298,x299,x300,x301,x302,x303,x304,x305,x306,x307,x308,x309,x310,x311,x312,x313,x314,x315,x316,x317,x318,x319,x320,x321,x322,x323,x324,x325,x326,x327,x328,x329,x330,x331,x332,x333,x334,x335,x336,x337,x338,x339,x340,x341,x342,x343,x344,x345,x346,x347,x348,x349,x350,x351,x352,x353,x354,x355,x356,x357,x358,x359,x360,x361,x362,x363,x364,x365,x366,x367,x368,x369,x370,x371,x372,x373,x374,x375,x376,x377,x378,x379,x380,x381,x382,x383,x384,x385,x386,x387,x388,x389,x390,x391,x392,x393,x394,x395,x396,x397,x398,x399,x400,x401,x402,x403,x404,x405,x406,x407,x408,x409,x410,x411,x412,x413,x414,x415,x416,x417,x418,x419,x420,x421,x422,x423,x424,x425,x426,x427,x428,x429,x430,x431,x432,x433,x434,x435,x436,x437,x438,x439,x440,x441,x442,x443,x444,x445,x446,x447,x448,x449,x450,x451,x452,x453,x454,x455,x456,x457,x458,x459,x460,x461,x462,x463,x464,x465,x466,x467,x468,x469
2010,A/Brisbane/59/2007,m,n,p,n,q,k,i,i,t,i,g,s,i,s,i,a,i,g,i,i,s,l,m,l,q,i,g,n,i,i,s,i,w,a,s,h,s,i,q,t,g,s,q,n,n,t,g,i,c,n,q,r,i,i,t,y,e,n,s,t,w,v,n,h,t,y,v,n,i,n,n,t,n,v,v,a,g,e,d,k,t,s,v,t,l,a,g,n,s,s,l,c,s,i,s,g,w,a,i,y,t,k,d,n,s,i,r,i,g,s,k,g,d,v,f,v,i,r,e,p,f,i,s,c,s,h,l,e,c,r,t,f,f,l,t,q,g,a,l,l,n,d,k,h,s,n,g,t,v,k,d,r,s,p,y,r,a,l,m,s,c,p,l,g,e,a,p,s,p,y,n,s,k,f,e,s,v,a,w,s,a,s,a,c,h,d,g,m,g,w,l,t,i,g,i,s,g,p,d,n,g,a,v,a,v,l,k,y,n,g,i,i,t,g,t,i,k,s,w,k,k,q,i,l,r,t,q,e,s,e,c,v,c,m,n,g,s,c,f,t,i,m,t,d,g,p,s,n,k,a,a,s,y,k,i,f,k,i,e,k,g,k,v,t,k,s,i,e,l,n,a,p,n,f,h,y,e,e,c,s,c,y,p,d,t,g,i,v,m,c,v,c,r,d,n,w,h,g,s,n,r,p,w,v,s,f,n,q,n,l,d,y,q,i,g,y,i,c,s,g,v,f,g,d,n,p,r,p,e,d,g,e,g,s,c,n,p,v,t,v,d,g,a,n,g,v,k,g,f,s,y,k,y,d,n,g,v,w,i,g,r,t,k,s,n,r,l,r,k,g,f,e,m,i,w,d,p,n,g,w,t,n,t,d,s,d,f,s,v,k,q,d,v,v,a,i,t,d,w,s,g,y,s,g,s,f,v,q,h,p,e,l,t,g,l,d,c,i,r,p,c,f,w,v,e,l,v,r,g,l,p,r,e,n,t,i,w,t,s,g,s,s,i,s,f,c,g,v,n,s,d,t,a,n,w,s,w,p,d,g,a,e,l,p,f,t,i,d,k
2011,A/California/07/2009,m,n,p,n,q,k,i,i,t,i,g,s,v,c,m,t,i,g,m,a,n,l,i,l,q,i,g,n,i,i,s,i,w,i,s,h,s,i,q,l,g,n,q,n,q,i,e,t,c,n,q,s,v,i,t,y,e,n,n,t,w,v,n,q,t,y,v,n,i,s,n,t,n,f,a,a,g,q,s,v,v,s,v,k,l,a,g,n,s,s,l,c,p,v,s,g,w,a,i,y,s,k,d,n,s,v,r,i,g,s,k,g,d,v,f,v,i,r,e,p,f,i,s,c,s,p,l,e,c,r,t,f,f,l,t,q,g,a,l,l,n,d,k,h,s,n,g,t,i,k,d,r,s,p,y,r,t,l,m,s,c,p,i,g,e,v,p,s,p,y,n,s,r,f,e,s,v,a,w,s,a,s,a,c,h,d,g,i,n,w,l,t,i,g,i,s,g,p,d,n,g,a,v,a,v,l,k,y,n,g,i,i,t,d,t,i,k,s,w,r,n,n,i,l,r,t,q,e,s,e,c,a,c,v,n,g,s,c,f,t,v,m,t,d,g,p,s,n,g,q,a,s,y,k,i,f,r,i,e,k,g,k,i,v,k,s,v,e,m,n,a,p,n,y,h,y,e,e,c,s,c,y,p,d,s,s,e,i,t,c,v,c,r,d,n,w,h,g,s,n,r,p,w,v,s,f,n,q,n,l,e,y,q,i,g,y,i,c,s,g,i,f,g,d,n,p,r,p,n,d,k,t,g,s,c,g,p,v,s,s,n,g,a,n,g,v,k,g,f,s,y,k,y,g,n,g,v,w,i,g,r,t,k,s,i,s,s,r,n,g,f,e,m,i,w,d,p,n,g,w,t,g,t,d,n,n,f,s,i,k,q,d,i,v,g,i,n,e,w,s,g,y,s,g,s,f,v,q,h,p,e,l,t,g,l,d,c,i,r,p,c,f,w,v,e,l,i,r,g,r,p,k,e,n,t,i,w,t,s,g,s,s,i,s,f,c,g,v,n,s,d,t,v,g,w,s,w,p,d,g,a,e,l,p,f,t,i,d,k
2012,A/California/07/2009,m,n,p,n,q,k,i,i,t,i,g,s,v,c,m,t,i,g,m,a,n,l,i,l,q,i,g,n,i,i,s,i,w,i,s,h,s,i,q,l,g,n,q,n,q,i,e,t,c,n,q,s,v,i,t,y,e,n,n,t,w,v,n,q,t,y,v,n,i,s,n,t,n,f,a,a,g,q,s,v,v,s,v,k,l,a,g,n,s,s,l,c,p,v,s,g,w,a,i,y,s,k,d,n,s,v,r,i,g,s,k,g,d,v,f,v,i,r,e,p,f,i,s,c,s,p,l,e,c,r,t,f,f,l,t,q,g,a,l,l,n,d,k,h,s,n,g,t,i,k,d,r,s,p,y,r,t,l,m,s,c,p,i,g,e,v,p,s,p,y,n,s,r,f,e,s,v,a,w,s,a,s,a,c,h,d,g,i,n,w,l,t,i,g,i,s,g,p,d,n,g,a,v,a,v,l,k,y,n,g,i,i,t,d,t,i,k,s,w,r,n,n,i,l,r,t,q,e,s,e,c,a,c,v,n,g,s,c,f,t,v,m,t,d,g,p,s,n,g,q,a,s,y,k,i,f,r,i,e,k,g,k,i,v,k,s,v,e,m,n,a,p,n,y,h,y,e,e,c,s,c,y,p,d,s,s,e,i,t,c,v,c,r,d,n,w,h,g,s,n,r,p,w,v,s,f,n,q,n,l,e,y,q,i,g,y,i,c,s,g,i,f,g,d,n,p,r,p,n,d,k,t,g,s,c,g,p,v,s,s,n,g,a,n,g,v,k,g,f,s,y,k,y,g,n,g,v,w,i,g,r,t,k,s,i,s,s,r,n,g,f,e,m,i,w,d,p,n,g,w,t,g,t,d,n,n,f,s,i,k,q,d,i,v,g,i,n,e,w,s,g,y,s,g,s,f,v,q,h,p,e,l,t,g,l,d,c,i,r,p,c,f,w,v,e,l,i,r,g,r,p,k,e,n,t,i,w,t,s,g,s,s,i,s,f,c,g,v,n,s,d,t,v,g,w,s,w,p,d,g,a,e,l,p,f,t,i,d,k
2013,A/California/07/2009,m,n,p,n,q,k,i,i,t,i,g,s,v,c,m,t,i,g,m,a,n,l,i,l,q,i,g,n,i,i,s,i,w,i,s,h,s,i,q,l,g,n,q,n,q,i,e,t,c,n,q,s,v,i,t,y,e,n,n,t,w,v,n,q,t,y,v,n,i,s,n,t,n,f,a,a,g,q,s,v,v,s,v,k,l,a,g,n,s,s,l,c,p,v,s,g,w,a,i,y,s,k,d,n,s,v,r,i,g,s,k,g,d,v,f,v,i,r,e,p,f,i,s,c,s,p,l,e,c,r,t,f,f,l,t,q,g,a,l,l,n,d,k,h,s,n,g,t,i,k,d,r,s,p,y,r,t,l,m,s,c,p,i,g,e,v,p,s,p,y,n,s,r,f,e,s,v,a,w,s,a,s,a,c,h,d,g,i,n,w,l,t,i,g,i,s,g,p,d,n,g,a,v,a,v,l,k,y,n,g,i,i,t,d,t,i,k,s,w,r,n,n,i,l,r,t,q,e,s,e,c,a,c,v,n,g,s,c,f,t,v,m,t,d,g,p,s,n,g,q,a,s,y,k,i,f,r,i,e,k,g,k,i,v,k,s,v,e,m,n,a,p,n,y,h,y,e,e,c,s,c,y,p,d,s,s,e,i,t,c,v,c,r,d,n,w,h,g,s,n,r,p,w,v,s,f,n,q,n,l,e,y,q,i,g,y,i,c,s,g,i,f,g,d,n,p,r,p,n,d,k,t,g,s,c,g,p,v,s,s,n,g,a,n,g,v,k,g,f,s,y,k,y,g,n,g,v,w,i,g,r,t,k,s,i,s,s,r,n,g,f,e,m,i,w,d,p,n,g,w,t,g,t,d,n,n,f,s,i,k,q,d,i,v,g,i,n,e,w,s,g,y,s,g,s,f,v,q,h,p,e,l,t,g,l,d,c,i,r,p,c,f,w,v,e,l,i,r,g,r,p,k,e,n,t,i,w,t,s,g,s,s,i,s,f,c,g,v,n,s,d,t,v,g,w,s,w,p,d,g,a,e,l,p,f,t,i,d,k
2014,A/California/07/2009,m,n,p,n,q,k,i,i,t,i,g,s,v,c,m,t,i,g,m,a,n,l,i,l,q,i,g,n,i,i,s,i,w,i,s,h,s,i,q,l,g,n,q,n,q,i,e,t,c,n,q,s,v,i,t,y,e,n,n,t,w,v,n,q,t,y,v,n,i,s,n,t,n,f,a,a,g,q,s,v,v,s,v,k,l,a,g,n,s,s,l,c,p,v,s,g,w,a,i,y,s,k,d,n,s,v,r,i,g,s,k,g,d,v,f,v,i,r,e,p,f,i,s,c,s,p,l,e,c,r,t,f,f,l,t,q,g,a,l,l,n,d,k,h,s,n,g,t,i,k,d,r,s,p,y,r,t,l,m,s,c,p,i,g,e,v,p,s,p,y,n,s,r,f,e,s,v,a,w,s,a,s,a,c,h,d,g,i,n,w,l,t,i,g,i,s,g,p,d,n,g,a,v,a,v,l,k,y,n,g,i,i,t,d,t,i,k,s,w,r,n,n,i,l,r,t,q,e,s,e,c,a,c,v,n,g,s,c,f,t,v,m,t,d,g,p,s,n,g,q,a,s,y,k,i,f,r,i,e,k,g,k,i,v,k,s,v,e,m,n,a,p,n,y,h,y,e,e,c,s,c,y,p,d,s,s,e,i,t,c,v,c,r,d,n,w,h,g,s,n,r,p,w,v,s,f,n,q,n,l,e,y,q,i,g,y,i,c,s,g,i,f,g,d,n,p,r,p,n,d,k,t,g,s,c,g,p,v,s,s,n,g,a,n,g,v,k,g,f,s,y,k,y,g,n,g,v,w,i,g,r,t,k,s,i,s,s,r,n,g,f,e,m,i,w,d,p,n,g,w,t,g,t,d,n,n,f,s,i,k,q,d,i,v,g,i,n,e,w,s,g,y,s,g,s,f,v,q,h,p,e,l,t,g,l,d,c,i,r,p,c,f,w,v,e,l,i,r,g,r,p,k,e,n,t,i,w,t,s,g,s,s,i,s,f,c,g,v,n,s,d,t,v,g,w,s,w,p,d,g,a,e,l,p,f,t,i,d,k
2015,A/California/07/2009,m,n,p,n,q,k,i,i,t,i,g,s,v,c,m,t,i,g,m,a,n,l,i,l,q,i,g,n,i,i,s,i,w,i,s,h,s,i,q,l,g,n,q,n,q,i,e,t,c,n,q,s,v,i,t,y,e,n,n,t,w,v,n,q,t,y,v,n,i,s,n,t,n,f,a,a,g,q,s,v,v,s,v,k,l,a,g,n,s,s,l,c,p,v,s,g,w,a,i,y,s,k,d,n,s,v,r,i,g,s,k,g,d,v,f,v,i,r,e,p,f,i,s,c,s,p,l,e,c,r,t,f,f,l,t,q,g,a,l,l,n,d,k,h,s,n,g,t,i,k,d,r,s,p,y,r,t,l,m,s,c,p,i,g,e,v,p,s,p,y,n,s,r,f,e,s,v,a,w,s,a,s,a,c,h,d,g,i,n,w,l,t,i,g,i,s,g,p,d,n,g,a,v,a,v,l,k,y,n,g,i,i,t,d,t,i,k,s,w,r,n,n,i,l,r,t,q,e,s,e,c,a,c,v,n,g,s,c,f,t,v,m,t,d,g,p,s,n,g,q,a,s,y,k,i,f,r,i,e,k,g,k,i,v,k,s,v,e,m,n,a,p,n,y,h,y,e,e,c,s,c,y,p,d,s,s,e,i,t,c,v,c,r,d,n,w,h,g,s,n,r,p,w,v,s,f,n,q,n,l,e,y,q,i,g,y,i,c,s,g,i,f,g,d,n,p,r,p,n,d,k,t,g,s,c,g,p,v,s,s,n,g,a,n,g,v,k,g,f,s,y,k,y,g,n,g,v,w,i,g,r,t,k,s,i,s,s,r,n,g,f,e,m,i,w,d,p,n,g,w,t,g,t,d,n,n,f,s,i,k,q,d,i,v,g,i,n,e,w,s,g,y,s,g,s,f,v,q,h,p,e,l,t,g,l,d,c,i,r,p,c,f,w,v,e,l,i,r,g,r,p,k,e,n,t,i,w,t,s,g,s,s,i,s,f,c,g,v,n,s,d,t,v,g,w,s,w,p,d,g,a,e,l,p,f,t,i,d,k
2016,A/California/07/2009,m,n,p,n,q,k,i,i,t,i,g,s,v,c,m,t,i,g,m,a,n,l,i,l,q,i,g,n,i,i,s,i,w,i,s,h,s,i,q,l,g,n,q,n,q,i,e,t,c,n,q,s,v,i,t,y,e,n,n,t,w,v,n,q,t,y,v,n,i,s,n,t,n,f,a,a,g,q,s,v,v,s,v,k,l,a,g,n,s,s,l,c,p,v,s,g,w,a,i,y,s,k,d,n,s,v,r,i,g,s,k,g,d,v,f,v,i,r,e,p,f,i,s,c,s,p,l,e,c,r,t,f,f,l,t,q,g,a,l,l,n,d,k,h,s,n,g,t,i,k,d,r,s,p,y,r,t,l,m,s,c,p,i,g,e,v,p,s,p,y,n,s,r,f,e,s,v,a,w,s,a,s,a,c,h,d,g,i,n,w,l,t,i,g,i,s,g,p,d,n,g,a,v,a,v,l,k,y,n,g,i,i,t,d,t,i,k,s,w,r,n,n,i,l,r,t,q,e,s,e,c,a,c,v,n,g,s,c,f,t,v,m,t,d,g,p,s,n,g,q,a,s,y,k,i,f,r,i,e,k,g,k,i,v,k,s,v,e,m,n,a,p,n,y,h,y,e,e,c,s,c,y,p,d,s,s,e,i,t,c,v,c,r,d,n,w,h,g,s,n,r,p,w,v,s,f,n,q,n,l,e,y,q,i,g,y,i,c,s,g,i,f,g,d,n,p,r,p,n,d,k,t,g,s,c,g,p,v,s,s,n,g,a,n,g,v,k,g,f,s,y,k,y,g,n,g,v,w,i,g,r,t,k,s,i,s,s,r,n,g,f,e,m,i,w,d,p,n,g,w,t,g,t,d,n,n,f,s,i,k,q,d,i,v,g,i,n,e,w,s,g,y,s,g,s,f,v,q,h,p,e,l,t,g,l,d,c,i,r,p,c,f,w,v,e,l,i,r,g,r,p,k,e,n,t,i,w,t,s,g,s,s,i,s,f,c,g,v,n,s,d,t,v,g,w,s,w,p,d,g,a,e,l,p,f,t,i,d,k
2017,A/California/07/2009,m,n,p,n,q,k,i,i,t,i,g,s,v,c,m,t,i,g,m,a,n,l,i,l,q,i,g,n,i,i,s,i,w,i,s,h,s,i,q,l,g,n,q,n,q,i,e,t,c,n,q,s,v,i,t,y,e,n,n,t,w,v,n,q,t,y,v,n,i,s,n,t,n,f,a,a,g,q,s,v,v,s,v,k,l,a,g,n,s,s,l,c,p,v,s,g,w,a,i,y,s,k,d,n,s,v,r,i,g,s,k,g,d,v,f,v,i,r,e,p,f,i,s,c,s,p,l,e,c,r,t,f,f,l,t,q,g,a,l,l,n,d,k,h,s,n,g,t,i,k,d,r,s,p,y,r,t,l,m,s,c,p,i,g,e,v,p,s,p,y,n,s,r,f,e,s,v,a,w,s,a,s,a,c,h,d,g,i,n,w,l,t,i,g,i,s,g,p,d,n,g,a,v,a,v,l,k,y,n,g,i,i,t,d,t,i,k,s,w,r,n,n,i,l,r,t,q,e,s,e,c,a,c,v,n,g,s,c,f,t,v,m,t,d,g,p,s,n,g,q,a,s,y,k,i,f,r,i,e,k,g,k,i,v,k,s,v,e,m,n,a,p,n,y,h,y,e,e,c,s,c,y,p,d,s,s,e,i,t,c,v,c,r,d,n,w,h,g,s,n,r,p,w,v,s,f,n,q,n,l,e,y,q,i,g,y,i,c,s,g,i,f,g,d,n,p,r,p,n,d,k,t,g,s,c,g,p,v,s,s,n,g,a,n,g,v,k,g,f,s,y,k,y,g,n,g,v,w,i,g,r,t,k,s,i,s,s,r,n,g,f,e,m,i,w,d,p,n,g,w,t,g,t,d,n,n,f,s,i,k,q,d,i,v,g,i,n,e,w,s,g,y,s,g,s,f,v,q,h,p,e,l,t,g,l,d,c,i,r,p,c,f,w,v,e,l,i,r,g,r,p,k,e,n,t,i,w,t,s,g,s,s,i,s,f,c,g,v,n,s,d,t,v,g,w,s,w,p,d,g,a,e,l,p,f,t,i,d,k
2018,A/Michigan/45/2015,m,n,p,n,q,k,i,i,t,i,g,s,i,c,m,t,i,g,m,a,n,l,i,l,q,i,g,n,i,i,s,i,w,v,s,h,s,i,q,i,g,n,q,s,q,i,e,t,c,n,q,s,v,i,t,y,e,n,n,t,w,v,n,q,t,y,v,n,i,s,n,t,n,f,a,a,g,q,s,v,v,s,v,k,l,a,g,n,s,s,l,c,p,v,s,g,w,a,i,y,s,k,d,n,s,v,r,i,g,s,k,g,d,v,f,v,i,r,e,p,f,i,s,c,s,p,l,e,c,r,t,f,f,l,t,q,g,a,l,l,n,d,k,h,s,n,g,t,i,k,d,r,s,p,y,r,t,l,m,s,c,p,i,g,e,v,p,s,p,y,n,s,r,f,e,s,v,a,w,s,a,s,a,c,h,d,g,i,n,w,l,t,i,g,i,s,g,p,d,s,g,a,v,a,v,l,k,y,n,g,i,i,t,d,t,i,k,s,w,r,n,n,i,l,r,t,q,e,s,e,c,a,c,v,n,g,s,c,f,t,i,m,t,d,g,p,s,d,g,q,a,s,y,k,i,f,r,i,e,k,g,k,i,i,k,s,v,e,m,k,a,p,n,y,h,y,e,e,c,s,c,y,p,d,s,s,e,i,t,c,v,c,r,d,n,w,h,g,s,n,r,p,w,v,s,f,n,q,n,l,e,y,q,m,g,y,i,c,s,g,v,f,g,d,n,p,r,p,n,d,k,t,g,s,c,g,p,v,s,s,n,g,a,n,g,v,k,g,f,s,f,k,y,g,n,g,v,w,i,g,r,t,k,s,i,s,s,r,k,g,f,e,m,i,w,d,p,n,g,w,t,g,t,d,n,k,f,s,i,k,q,d,i,v,g,i,n,e,w,s,g,y,s,g,s,f,v,q,h,p,e,l,t,g,l,d,c,i,r,p,c,f,w,v,e,l,i,r,g,r,p,e,e,n,t,i,w,t,s,g,s,s,i,s,f,c,g,v,n,s,d,t,v,g,w,s,w,p,d,g,a,e,l,p,f,t,i,d,k
2019,A/Michigan/45/2016,m,n,p,n,q,k,i,i,t,i,g,s,i,c,m,t,i,g,m,a,n,l,i,l,q,i,g,n,i,i,s,i,w,v,s,h,s,i,q,i,g,n,q,s,q,i,e,t,c,n,q,s,v,i,t,y,e,n,n,t,w,v,n,q,t,y,v,n,i,s,n,t,n,f,a,a,g,q,s,v,v,s,v,k,l,a,g,n,s,s,l,c,p,v,s,g,w,a,i,y,s,k,d,n,s,v,r,i,g,s,k,g,d,v,f,v,i,r,e,p,f,i,s,c,s,p,l,e,c,r,t,f,f,l,t,q,g,a,l,l,n,d,k,h,s,n,g,t,i,k,d,r,s,p,y,r,t,l,m,s,c,p,i,g,e,v,p,s,p,y,n,s,r,f,e,s,v,a,w,s,a,s,a,c,h,d,g,i,n,w,l,t,i,g,i,s,g,p,d,s,g,a,v,a,v,l,k,y,n,g,i,i,t,d,t,i,k,s,w,r,n,n,i,l,r,t,q,e,s,e,c,a,c,v,n,g,s,c,f,t,i,m,t,d,g,p,s,d,g,q,a,s,y,k,i,f,r,i,e,k,g,k,i,i,k,s,v,e,m,k,a,p,n,y,h,y,e,e,c,s,c,y,p,d,s,s,e,i,t,c,v,c,r,d,n,w,h,g,s,n,r,p,w,v,s,f,n,q,n,l,e,y,q,m,g,y,i,c,s,g,v,f,g,d,n,p,r,p,n,d,k,t,g,s,c,g,p,v,s,s,n,g,a,n,g,v,k,g,f,s,f,k,y,g,n,g,v,w,i,g,r,t,k,s,i,s,s,r,k,g,f,e,m,i,w,d,p,n,g,w,t,g,t,d,n,k,f,s,i,k,q,d,i,v,g,i,n,e,w,s,g,y,s,g,s,f,v,q,h,p,e,l,t,g,l,d,c,i,r,p,c,f,w,v,e,l,i,r,g,r,p,e,e,n,t,i,w,t,s,g,s,s,i,s,f,c,g,v,n,s,d,t,v,g,w,s,w,p,d,g,a,e,l,p,f,t,i,d,k
2020,A/Brisbane/02/2018,m,n,p,n,q,k,i,i,t,i,g,s,t,c,m,t,i,g,m,a,n,l,i,l,q,i,g,n,i,i,s,i,w,v,s,h,s,i,q,i,g,n,q,s,q,i,e,t,c,n,q,s,v,i,t,y,e,n,n,t,w,v,n,q,t,y,v,n,i,s,n,t,n,f,a,a,r,q,s,v,a,s,v,k,l,a,g,n,s,s,l,c,p,v,s,g,w,a,i,y,s,k,d,n,s,v,r,i,g,s,k,g,d,v,f,v,i,r,e,p,f,i,s,c,s,p,l,e,c,r,t,f,f,l,t,q,g,a,l,l,n,d,k,h,s,n,g,t,i,k,d,r,s,p,y,r,t,l,m,s,c,p,i,g,e,v,p,s,p,y,n,s,r,f,e,s,v,a,w,s,a,s,a,c,h,d,g,t,n,w,l,t,i,g,i,s,g,p,d,s,g,a,v,a,v,l,k,y,n,g,i,i,t,d,t,i,k,s,w,r,n,n,i,l,r,t,q,e,s,e,c,a,c,v,n,g,s,c,f,t,i,m,t,d,g,p,s,d,g,q,a,s,y,k,i,f,r,i,e,k,g,k,i,i,k,s,v,e,m,k,a,p,n,y,h,y,e,e,c,s,c,y,p,d,s,s,e,i,t,c,v,c,r,d,n,w,h,g,s,n,r,p,w,v,s,f,n,q,n,l,e,y,q,m,g,y,i,c,s,g,v,f,g,d,n,p,r,p,n,d,k,t,g,s,c,g,p,v,s,s,n,g,a,n,g,v,k,g,f,s,f,k,y,g,n,g,v,w,i,g,r,t,k,s,i,s,s,r,k,g,f,e,m,i,w,d,p,n,g,w,t,g,t,d,n,k,f,s,i,k,q,d,i,v,g,i,n,e,w,s,g,y,s,g,s,f,v,q,h,p,e,l,t,g,l,d,c,i,r,p,c,f,w,v,e,l,i,r,g,r,p,e,e,n,t,i,w,t,s,g,s,s,i,s,f,c,g,v,d,s,d,t,v,g,w,s,w,p,d,g,a,e,l,p,f,t,i,d,k
2021,A/Guangdong-Maonan/SWL1536/2019,m,n,p,n,q,k,i,i,t,i,g,s,i,c,m,t,i,g,m,a,n,l,i,l,q,i,g,n,i,i,s,i,w,v,s,h,s,i,q,i,g,n,q,s,q,i,e,t,c,n,k,n,v,i,t,y,e,n,n,t,w,v,n,q,t,y,v,n,i,s,n,t,n,s,a,a,r,q,s,v,a,s,v,k,l,a,g,n,s,s,l,c,p,v,s,g,w,a,i,y,s,k,d,n,s,v,r,i,g,s,k,g,d,v,f,v,i,r,e,p,f,i,s,c,s,p,l,e,c,r,t,f,f,l,t,q,g,a,l,l,n,d,k,h,s,n,g,t,i,k,d,r,s,p,y,r,t,l,m,s,c,p,i,g,e,v,p,s,p,y,n,s,r,f,e,s,v,a,w,s,a,s,a,c,h,d,g,t,n,w,l,t,i,g,i,s,g,p,d,s,g,a,v,a,v,l,k,y,n,g,i,i,t,d,t,i,k,s,w,r,n,n,i,l,r,t,q,e,s,e,c,a,c,v,n,g,s,c,f,t,i,m,t,d,g,p,s,d,g,q,a,s,y,k,i,f,r,i,e,k,g,k,i,i,k,s,v,e,m,k,a,p,n,y,h,y,e,e,c,s,c,y,p,d,s,s,e,i,t,c,v,c,r,d,n,w,h,g,s,n,r,p,w,v,s,f,n,q,n,l,e,y,q,m,g,y,i,c,s,g,v,f,g,d,n,p,r,p,n,d,k,t,g,s,c,g,p,v,s,s,n,g,a,n,g,v,k,g,f,s,f,k,y,g,n,g,v,w,i,g,r,t,k,s,i,s,s,r,k,g,f,e,m,i,w,d,p,n,g,w,t,g,t,d,n,k,f,s,k,k,q,d,i,v,g,i,n,e,w,s,g,y,s,g,s,f,v,q,h,p,e,l,t,g,l,n,c,i,r,p,c,f,w,v,e,l,i,r,g,r,p,e,e,n,t,i,w,t,s,g,s,s,i,s,f,c,g,v,d,s,d,i,v,g,w,s,w,p,d,g,a,e,l,p,f,t,i,d,k
2022,A/Wisconsin/588/2019,m,n,p,n,q,k,i,i,t,i,g,s,i,c,m,t,i,g,t,a,n,l,i,l,q,i,g,n,i,i,s,i,w,v,s,h,s,i,q,i,g,n,q,s,q,i,e,t,c,n,k,s,v,i,t,y,e,n,n,t,w,v,n,q,t,f,v,n,i,s,n,t,n,s,a,a,r,q,s,v,a,s,v,k,l,a,g,n,s,s,l,c,p,v,s,g,w,a,i,y,s,k,d,n,s,v,r,i,g,s,k,g,d,v,f,v,i,r,e,p,f,i,s,c,s,p,l,e,c,r,t,f,f,l,t,q,g,a,l,l,n,d,k,h,s,n,g,t,i,k,d,r,s,p,y,r,t,l,m,s,c,p,i,g,e,v,p,s,p,y,n,s,r,f,e,s,v,a,w,s,a,s,a,c,h,d,g,t,n,w,l,t,i,g,i,s,g,p,d,s,g,a,v,a,v,l,k,y,n,g,i,i,t,d,t,i,k,s,w,r,n,k,i,l,r,t,q,e,s,e,c,a,c,v,n,g,s,c,f,t,i,m,t,d,g,p,s,d,g,q,a,s,y,k,i,f,r,i,e,k,g,k,i,i,k,s,v,e,m,k,a,p,n,y,h,y,e,e,c,s,c,y,p,d,s,s,e,i,t,c,v,c,r,d,n,w,h,g,s,n,r,p,w,v,s,f,n,q,n,l,e,y,q,m,g,y,i,c,s,g,v,f,g,d,n,p,r,p,n,d,k,t,g,s,c,g,p,v,s,s,n,g,a,n,g,v,k,g,f,s,f,k,y,g,n,g,v,w,i,g,r,t,k,s,i,s,s,r,k,g,f,e,m,i,w,d,p,n,g,w,t,g,t,d,n,k,f,s,k,k,q,d,i,v,g,i,n,e,w,s,g,y,s,g,s,f,v,q,h,p,e,l,t,g,l,n,c,i,r,p,c,f,w,v,e,l,i,r,g,r,p,e,e,n,t,i,w,t,s,g,s,s,i,s,f,c,g,v,d,s,d,i,v,g,w,s,w,p,d,g,a,e,l,p,f,t,i,d,k
2023,A/Wisconsin/588/2019,m,n,p,n,q,k,i,i,t,i,g,s,i,c,m,t,i,g,t,a,n,l,i,l,q,i,g,n,i,i,s,i,w,v,s,h,s,i,q,i,g,n,q,s,q,i,e,t,c,n,k,s,v,i,t,y,e,n,n,t,w,v,n,q,t,f,v,n,i,s,n,t,n,s,a,a,r,q,s,v,a,s,v,k,l,a,g,n,s,s,l,c,p,v,s,g,w,a,i,y,s,k,d,n,s,v,r,i,g,s,k,g,d,v,f,v,i,r,e,p,f,i,s,c,s,p,l,e,c,r,t,f,f,l,t,q,g,a,l,l,n,d,k,h,s,n,g,t,i,k,d,r,s,p,y,r,t,l,m,s,c,p,i,g,e,v,p,s,p,y,n,s,r,f,e,s,v,a,w,s,a,s,a,c,h,d,g,t,n,w,l,t,i,g,i,s,g,p,d,s,g,a,v,a,v,l,k,y,n,g,i,i,t,d,t,i,k,s,w,r,n,k,i,l,r,t,q,e,s,e,c,a,c,v,n,g,s,c,f,t,i,m,t,d,g,p,s,d,g,q,a,s,y,k,i,f,r,i,e,k,g,k,i,i,k,s,v,e,m,k,a,p,n,y,h,y,e,e,c,s,c,y,p,d,s,s,e,i,t,c,v,c,r,d,n,w,h,g,s,n,r,p,w,v,s,f,n,q,n,l,e,y,q,m,g,y,i,c,s,g,v,f,g,d,n,p,r,p,n,d,k,t,g,s,c,g,p,v,s,s,n,g,a,n,g,v,k,g,f,s,f,k,y,g,n,g,v,w,i,g,r,t,k,s,i,s,s,r,k,g,f,e,m,i,w,d,p,n,g,w,t,g,t,d,n,k,f,s,k,k,q,d,i,v,g,i,n,e,w,s,g,y,s,g,s,f,v,q,h,p,e,l,t,g,l,n,c,i,r,p,c,f,w,v,e,l,i,r,g,r,p,e,e,n,t,i,w,t,s,g,s,s,i,s,f,c,g,v,d,s,d,i,v,g,w,s,w,p,d,g,a,e,l,p,f,t,i,d,k
