"","1 m ","2 n ","3 p ","3 t ","4 n ","5 q ","6 k ","7 i ","8 i ","9 t ","10 i ","11 g ","12 s ","13 v ","13 f ","14 s ","15 l ","16 t ","17 i ","17 f ","18 a ","18 s ","19 t ","19 a ","20 i ","20 t ","20 v ","21 c ","22 f ","23 f ","23 l ","24 m ","25 q ","26 i ","26 t ","26 v ","27 a ","28 i ","28 t ","29 l ","30 i ","30 v ","30 m ","30 x ","30 t ","31 t ","31 n ","31 i ","32 t ","33 v ","34 t ","35 l ","36 h ","36 x ","36 y ","37 f ","37 l ","38 k ","39 q ","40 y ","40 c ","41 e ","41 k ","42 f ","42 s ","43 n ","43 y ","43 d ","44 s ","44 p ","44 x ","44 y ","45 p ","45 l ","45 s ","45 t ","46 p ","46 q ","46 s ","47 n ","47 k ","47 t ","48 n ","49 q ","49 k ","50 m ","50 v ","51 m ","51 v ","52 l ","53 c ","54 e ","55 p ","55 s ","56 t ","56 k ","57 i ","57 t ","57 m ","58 i ","59 e ","60 r ","60 k ","61 n ","62 i ","62 t ","62 m ","63 t ","64 e ","65 i ","65 v ","66 v ","66 m ","67 y ","68 l ","69 t ","70 n ","70 s ","71 t ","71 i ","72 t ","73 i ","74 e ","75 k ","75 r ","76 e ","77 i ","77 m ","77 t ","77 k ","77 v ","78 c ","79 p ","79 h ","79 s ","80 k ","80 t ","80 r ","81 l ","81 p ","81 t ","82 a ","83 e ","83 k ","84 y ","85 r ","86 n ","86 d ","87 w ","88 s ","88 l ","89 k ","90 p ","91 q ","92 c ","93 d ","93 g ","93 s ","94 i ","95 t ","95 k ","95 x ","96 g ","97 f ","98 a ","99 p ","100 f ","101 s ","102 k ","103 d ","104 n ","105 s ","106 i ","107 r ","108 l ","109 s ","109 a ","110 a ","110 d ","110 x ","111 g ","111 s ","112 g ","113 d ","113 g ","114 i ","115 w ","116 v ","117 t ","118 r ","119 e ","120 p ","121 y ","122 v ","123 s ","124 c ","125 d ","125 g ","126 p ","126 s ","126 l ","126 r ","127 d ","127 n ","128 k ","128 r ","129 c ","130 y ","130 x ","131 q ","132 f ","133 a ","134 l ","135 g ","136 q ","137 g ","138 t ","139 t ","140 l ","140 i ","141 n ","141 s ","141 d ","142 n ","143 v ","143 i ","143 e ","143 m ","143 g ","144 h ","144 x ","145 s ","146 n ","147 d ","147 n ","148 t ","148 x ","148 i ","148 k ","149 a ","149 v ","149 i ","150 r ","150 h ","150 s ","151 d ","151 x ","151 g ","151 n ","152 r ","153 t ","154 p ","154 s ","155 y ","155 f ","155 h ","156 r ","157 t ","158 l ","159 l ","160 m ","161 n ","161 s ","162 e ","163 l ","164 g ","165 v ","166 p ","167 f ","168 h ","169 l ","170 g ","171 t ","172 k ","173 q ","174 v ","175 c ","176 i ","176 m ","177 a ","178 w ","179 s ","180 s ","181 s ","182 s ","183 c ","184 h ","185 d ","186 g ","187 k ","188 a ","189 w ","190 l ","191 h ","192 v ","192 i ","193 c ","194 i ","194 v ","195 t ","195 a ","196 g ","197 d ","197 n ","198 d ","199 k ","199 e ","200 n ","201 a ","202 t ","203 a ","204 s ","205 f ","206 i ","207 y ","208 n ","209 g ","210 r ","210 k ","211 l ","212 v ","212 i ","213 d ","214 s ","215 i ","215 v ","216 v ","217 s ","218 w ","219 s ","220 k ","220 n ","221 e ","221 x ","221 d ","221 n ","222 i ","222 v ","223 l ","224 r ","225 t ","226 q ","227 e ","228 s ","229 e ","230 c ","231 v ","231 i ","232 c ","233 i ","234 n ","234 d ","235 g ","235 r ","236 t ","237 c ","238 t ","238 a ","239 v ","240 v ","240 i ","241 m ","242 t ","243 d ","244 g ","245 s ","245 n ","246 a ","247 s ","247 t ","248 g ","248 e ","249 e ","249 k ","249 x ","250 a ","251 d ","251 v ","252 t ","252 x ","253 k ","254 i ","255 l ","256 f ","257 i ","257 v ","258 e ","258 k ","259 e ","260 g ","261 k ","261 r ","262 i ","262 v ","263 v ","263 i ","264 h ","264 y ","265 t ","265 i ","266 s ","266 r ","267 k ","267 t ","267 i ","268 l ","268 m ","269 s ","269 p ","270 g ","271 s ","272 a ","272 t ","272 x ","273 q ","274 h ","275 v ","276 e ","277 e ","278 c ","279 s ","280 c ","281 y ","281 f ","282 p ","283 r ","283 q ","284 y ","284 h ","285 p ","286 g ","286 c ","286 x ","287 v ","287 i ","288 r ","289 c ","290 v ","290 i ","291 c ","292 r ","293 d ","294 n ","295 w ","296 k ","296 r ","297 g ","298 s ","299 n ","300 r ","301 p ","302 i ","302 t ","303 v ","303 i ","304 d ","305 i ","306 n ","307 i ","307 m ","307 t ","307 l ","308 k ","309 d ","309 n ","309 g ","309 e ","309 x ","310 h ","310 r ","310 y ","311 s ","311 r ","312 i ","312 v ","312 t ","313 v ","313 a ","314 s ","315 s ","315 n ","315 g ","315 r ","316 y ","317 v ","317 m ","318 c ","319 s ","320 g ","321 l ","322 v ","323 g ","324 d ","325 t ","326 p ","327 r ","328 k ","329 n ","329 t ","329 k ","329 s ","330 d ","331 s ","331 r ","332 s ","332 f ","333 s ","333 g ","334 s ","334 n ","335 s ","335 g ","336 h ","336 n ","337 c ","338 l ","338 f ","339 d ","339 n ","339 k ","340 p ","340 x ","341 n ","342 n ","342 d ","342 k ","343 e ","344 e ","344 k ","345 g ","346 g ","346 d ","346 s ","346 v ","346 x ","347 h ","347 n ","347 r ","348 g ","349 v ","350 k ","351 g ","352 w ","353 a ","354 f ","355 d ","356 d ","357 g ","358 n ","358 d ","359 d ","359 n ","360 v ","360 a ","361 w ","362 m ","362 v ","363 g ","364 r ","365 t ","366 i ","367 s ","367 n ","368 e ","368 d ","369 k ","369 t ","369 m ","369 x ","370 s ","371 r ","372 l ","373 g ","374 y ","375 e ","376 t ","377 f ","378 k ","379 v ","380 i ","380 f ","380 v ","381 e ","381 g ","381 d ","381 k ","382 g ","383 w ","384 s ","384 x ","385 n ","386 p ","386 s ","386 h ","387 k ","387 n ","387 r ","388 s ","389 k ","390 l ","390 f ","391 q ","392 i ","392 m ","392 t ","392 v ","393 n ","394 r ","394 k ","395 q ","396 v ","396 i ","397 i ","398 v ","398 i ","399 d ","399 g ","400 r ","400 k ","401 d ","401 g ","401 s ","402 n ","402 d ","403 r ","404 s ","405 g ","406 y ","407 s ","407 x ","408 g ","409 i ","410 f ","411 s ","412 v ","412 i ","413 e ","414 g ","414 d ","414 s ","415 k ","415 n ","415 r ","416 s ","416 g ","416 n ","417 c ","418 i ","418 t ","419 n ","420 r ","421 c ","422 f ","423 y ","424 v ","425 e ","426 l ","427 i ","428 r ","429 g ","430 r ","430 s ","430 k ","431 k ","432 e ","433 e ","433 k ","434 t ","434 i ","434 n ","435 e ","436 v ","437 l ","438 w ","439 t ","440 s ","441 n ","442 s ","443 i ","443 v ","444 v ","444 i ","444 x ","445 v ","446 f ","447 c ","448 g ","449 t ","450 s ","451 g ","452 t ","453 y ","454 g ","455 t ","456 g ","457 s ","457 l ","458 w ","459 p ","460 d ","461 g ","462 a ","463 d ","463 n ","464 i ","464 l ","465 n ","465 s ","466 l ","467 m ","468 p ","468 s ","468 h ","468 l ","468 x ","469 i ","469 v ","469 t "
"2008","1","1","1","0","1","1","1","1","1","1","1","1","1","1","0","1","1","1","1","0","0.06666667","0.93333333","1","0","1","0","0","1","1","1","0","1","1","0.6666667","0.3333333","0","1","1","0","1","0.93333333","0.06666667","0","0","0","1","0","0","1","1","1","1","1","0","0","1","0","1","1","1","0","1","0","1","0","1","0","0","1","0","0","0","1","0","0","0","1","0","0","1","0","0","1","1","0","0.06666667","0.93333333","1","0","1","1","1","1","0","1","0","1","0","0","1","1","1","0","1","1","0","0","1","1","1","0","1","0","1","1","1","1","0","1","0","1","1","1","1","0","1","0.93333333","0.06666667","0","0","0","1","1","0","0","1","0","0","1","0","0","1","1","0","1","1","1","0","1","1","0","1","1","1","1","1","0","0","1","1","0","0","1","1","1","1","1","1","1","1","1","1","1","1","1","1","0","1","0","0","1","0","1","1","0","1","1","1","1","1","1","1","1","1","1","1","1","0","1","0","0","0","1","0","1","0","1","1","0","1","1","1","1","1","1","1","1","1","1","0","1","0","0","1","1","0","0","0","0","1","0","1","1","0.4","0.6","0.7333333","0.2666667","0","0","0.06666667","0.93333333","0","1","0","0","0.5333333","0.4666667","0","0","1","1","1","0","1","0","0","1","1","1","1","1","1","0","1","1","1","1","1","1","1","1","1","1","1","1","1","1","1","0","1","1","1","1","1","1","1","1","1","1","1","1","1","1","1","1","0","1","1","0","1","0","1","1","0","1","1","0","1","1","1","1","1","1","1","1","1","1","1","0","1","1","0","1","1","0.7333333","0.2666667","1","1","1","1","1","0","1","0","0","0","1","0","1","1","1","1","1","1","1","1","1","0","1","1","1","0","1","0","1","1","1","0","1","1","0","1","1","1","1","1","0","1","1","0","1","0","0.06666667","0.93333333","0","1","1","0","1","0","1","1","1","1","1","0","1","0","1","1","1","0","1","0","1","0","1","0","1","0","1","0","0.3333333","0.6666667","0","1","0","1","0","1","1","1","0","0","1","1","1","1","1","1","1","1","1","0","1","1","0","1","0","1","1","0","0","1","0","1","1","1","0","1","1","1","1","1","0.93333333","0.06666667","1","1","1","1","1","1","0","1","0","1","1","1","1","0","0","0","1","1","0","0","0","0","0.8666667","0.1333333","0","1","0","1","0","0","1","0","1","1","0","0","0","1","1","0","1","1","1","1","1","1","1","1","1","1","1","1","0","0","0","1","1","0","1","0","1","0","1","0","1","0","1","0","1","1","0","1","0","0","1","0","1","1","0","0","1","1","0","1","1","0","0","0","0","1","0","0","1","1","1","1","1","1","1","1","1","1","1","0","1","0","1","0","1","1","0","1","1","1","1","1","0","1","0","1","0","0","0","1","1","1","1","1","1","1","1","1","1","1","0","0","1","0","0","0","1","1","1","0","1","1","0","0","1","0","0","1","1","1","0","1","1","0","0","0","1","1","0","1","1","0","1","1","0","1","0","1","0","0.06666667","0.93333333","0","1","0","1","1","1","1","1","0","1","1","1","1","1","0","1","1","0","0","1","0","0","1","0","0","1","1","0","1","1","1","1","1","1","1","1","1","1","1","0.93333333","0.06666667","0","1","1","0.93333333","0.06666667","1","0","0","1","1","1","1","1","1","1","1","1","0","1","0","0","1","1","1","1","1","1","1","1","1","1","1","1","1","0","1","1","1","1","1","1","0","1","0","1","0","1","1","1","0","0","0","0","1","0","0"
"2009","1","1","0.98830409","0.01169591","1","1","1","1","1","1","1","1","1","1","0","1","1","1","1","0","0","1","1","0","1","0","0","1","1","1","0","1","1","0.8479532","0.1520468","0","1","1","0","1","0.994152047","0","0.005847953","0","0","1","0","0","1","1","1","1","1","0","0","1","0","1","1","0.8479532","0.1520468","0.98245614","0.01754386","1","0","1","0","0","0.994152047","0.005847953","0","0","1","0","0","0","1","0","0","1","0","0","1","1","0","0","1","1","0","1","1","1","1","0","1","0","1","0","0","1","1","1","0","1","1","0","0","1","1","1","0","1","0","1","1","1","1","0","1","0","1","1","1","1","0","1","0.98245614","0","0.01754386","0","0","1","1","0","0","1","0","0","1","0","0","1","1","0","1","1","1","0","1","1","0","1","1","1","1","1","0","0","1","1","0","0","1","1","1","1","1","1","1","1","1","1","1","1","1","1","0","0.92982456","0.07017544","0","1","0","1","1","0","1","1","1","1","1","1","1","1","1","1","1","0.98245614","0.01754386","1","0","0","0","1","0","1","0","1","1","0","1","1","1","1","1","1","1","1","1","0.98245614","0.01754386","0.98245614","0.01754386","0","1","0.92982456","0.07017544","0","0","0","1","0","1","1","0","1","0.97076023","0.01754386","0.01169591","0","0","1","0","1","0","0","0.94152047","0.05847953","0","0","1","1","1","0","1","0","0","1","1","1","1","1","1","0","1","1","1","1","1","1","1","1","1","1","1","1","1","1","1","0","1","1","1","1","1","1","1","1","1","1","1","1","1","1","1","1","0","1","1","0","0.98830409","0.01169591","1","1","0","1","1","0","1","1","1","1","1","1","1","1","1","1","1","0","1","1","0","1","1","0","1","1","1","1","1","1","0","0.994152047","0.005847953","0","0","1","0","1","1","1","1","1","1","1","1","1","0","1","1","1","0","1","0","1","1","1","0","1","1","0","1","1","1","1","1","0","1","1","0","1","0","0","1","0","1","1","0","1","0","1","1","1","1","1","0","1","0","1","1","0.98830409","0.01169591","1","0","1","0","1","0","1","0","1","0","0","0.98245614","0.01754386","0.994152047","0.005847953","1","0","1","1","1","0","0","1","1","1","1","1","1","1","1","1","0","1","1","0","1","0","1","0.98245614","0.01754386","0","1","0","1","1","0.98830409","0.01169591","1","1","1","1","1","1","0","1","1","1","1","1","1","0","1","0","1","1","1","0.92982456","0.04093567","0.02923977","0","1","1","0","0","0","0","1","0","0","1","0","1","0","0","1","0","1","0.98245614","0.01754386","0","0","1","1","0","1","1","1","1","1","1","1","1","1","1","1","1","0","0","0","1","1","0","1","0","1","0","1","0","1","0","0.994152047","0.005847953","1","1","0","1","0","0","1","0","1","1","0","0","1","1","0","1","0.97076023","0.02923977","0","0","0","0.8830409","0.1169591","0","1","1","1","1","1","1","1","1","1","1","1","0","1","0","1","0","1","1","0","1","1","1","1","1","0","1","0","1","0","0","0","1","1","1","1","1","1","1","1","1","1","1","0","0","0.994152047","0.005847953","0","0","1","1","1","0","1","1","0","0","1","0","0","1","1","1","0","1","1","0","0","0","1","1","0","1","0.994152047","0.005847953","1","1","0","1","0","1","0","0","1","0","1","0","1","1","1","1","0.994152047","0.005847953","1","1","1","1","1","0","1","0.98830409","0.01169591","0","1","0","0","1","0","0","1","1","0","1","1","1","1","1","1","1","1","1","1","1","1","0","0","1","1","1","0","1","0","0","1","1","1","1","1","1","1","1","0.96491228","0.03508772","1","0","0","1","1","1","1","1","1","1","1","1","1","1","1","1","0","1","1","1","1","1","1","0","1","0","1","0","1","1","0.98830409","0.01169591","0","0","0","0.3918129","0.6081871","0"
"2010","1","1","1","0","1","1","1","1","1","1","1","1","1","1","0","1","1","1","0.97222222","0.02777778","0","1","1","0","1","0","0","1","1","1","0","1","1","1","0","0","1","1","0","1","1","0","0","0","0","1","0","0","1","1","1","1","1","0","0","1","0","1","1","1","0","0.94444444","0.05555556","1","0","0.97222222","0.02777778","0","1","0","0","0","0.97222222","0.02777778","0","0","1","0","0","1","0","0","1","0.97222222","0.02777778","0","1","1","0","1","1","1","1","0","1","0","1","0","0","1","1","1","0","1","1","0","0","1","1","1","0","1","0","1","1","1","1","0","0.94444444","0.05555556","1","1","1","1","0","1","1","0","0","0","0","1","1","0","0","1","0","0","1","0","0","1","1","0","1","1","1","0","1","1","0","1","1","1","1","1","0","0","1","1","0","0","1","1","1","1","1","1","1","1","1","1","1","1","1","1","0","1","0","0","1","0","1","1","0","1","1","1","1","1","1","1","1","1","1","1","1","0","1","0","0","0","0.8611111","0.1388889","1","0","1","1","0","1","1","1","1","1","1","1","1","1","1","0","1","0","0","1","1","0","0","0","0","1","0","1","1","0","1","1","0","0","0","0","1","0","1","0","0","0.8055556","0.1944444","0","0","1","1","1","0","1","0","0","1","1","1","1","1","1","0","1","1","1","1","1","1","1","1","1","1","1","1","1","1","1","0","1","1","1","1","1","1","1","1","1","1","1","1","1","1","1","1","0","1","1","0","1","0","1","1","0","1","1","0","1","1","1","1","1","1","1","1","1","1","0.8611111","0.1388889","1","1","0","1","1","0","1","1","1","1","1","1","0","1","0","0","0","1","0","1","1","1","1","1","1","1","1","1","0","1","1","1","0","1","0","1","1","1","0","1","1","0","1","1","1","1","1","0","1","1","0","1","0","0","1","0","1","1","0","1","0","1","1","1","1","1","0","1","0","1","1","1","0","1","0","1","0","1","0","1","0","1","0","0","1","0","1","0","1","0","1","1","1","0","0","1","1","1","1","1","1","1","1","1","0","1","1","0","1","0","1","1","0","0","1","0","1","1","1","0","1","1","1","1","1","1","0","1","1","1","1","1","0.97222222","0.02777778","1","0","1","1","1","0.8611111","0.1388889","0","0","1","1","0","0","0","0","1","0","0","1","0","0.97222222","0.02777778","0","1","0","1","1","0","0","0","1","1","0","1","1","1","1","1","1","1","1","1","1","1","1","0","0","0","1","1","0","1","0","1","0","1","0","1","0","1","0","1","0.8611111","0.1388889","1","0","0","1","0","1","0.8611111","0.1388889","0","1","1","0","1","1","0","0","0","0","0.97222222","0.02777778","0","1","1","1","1","1","1","1","1","1","1","1","0","1","0","1","0","1","1","0","1","1","1","1","0.4444444","0.5555556","1","0","0.4444444","0.5555556","0","0","1","1","1","1","1","1","1","1","1","1","1","0","0","1","0","0","0","1","1","1","0","1","1","0","0","1","0","0","1","1","1","0","1","1","0","0","0","1","1","0","1","1","0","1","1","0","1","0","1","0","0","1","0","0.91666667","0.08333333","1","1","1","1","1","0","1","1","1","1","1","0","1","0.97222222","0.02777778","0","1","0","0","1","0","0","1","1","0","1","1","1","1","1","1","1","1","1","1","1","0.91666667","0.08333333","0","1","1","1","0","1","0","0","1","1","1","1","1","1","1","1","1","0","1","0","0","1","1","1","1","1","1","1","1","1","1","1","1","1","0","1","1","1","1","1","1","0","0.4444444","0.5555556","1","0","1","1","0.97222222","0.02777778","0","0","0","0.8055556","0.1944444","0"
"2011","1","1","1","0","1","1","1","1","1","1","1","1","1","1","0","1","1","1","1","0","0","1","1","0","1","0","0","1","1","1","0","1","1","0.95238095","0","0.04761905","1","1","0","1","1","0","0","0","0","1","0","0","1","1","1","1","1","0","0","1","0","1","1","1","0","1","0","1","0","1","0","0","1","0","0","0","1","0","0","0","1","0","0","1","0","0","1","1","0","0","1","1","0","1","1","1","1","0","1","0","1","0","0","1","1","1","0","1","1","0","0","1","1","1","0","1","0","1","1","1","1","0","1","0","1","1","1","1","0","1","0.8571429","0","0","0.1428571","0","1","1","0","0","0.95238095","0.04761905","0","0.6666667","0.3333333","0","1","0.95238095","0.04761905","1","1","1","0","1","1","0","1","1","1","1","0.7142857","0.2857143","0","1","1","0","0","1","1","1","1","1","1","1","1","1","1","1","1","1","1","0","1","0","0","1","0","1","1","0","1","1","1","1","1","1","1","1","1","1","1","1","0","1","0","0","0","0.8095238","0.1904762","1","0","1","1","0","1","1","1","1","1","1","1","1","1","0.95238095","0.04761905","1","0","0","1","1","0","0","0","0","1","0","1","1","0","1","0.9047619","0.0952381","0","0","0","1","0","1","0","0","0.5238095","0.4761905","0","0","1","1","1","0","1","0","0","1","1","1","1","1","1","0","1","1","1","1","1","1","1","1","1","1","1","1","1","1","1","0","1","1","1","1","1","1","1","1","1","1","1","1","1","1","1","1","0","1","1","0","1","0","1","1","0","1","1","0","1","1","1","1","1","1","1","1","1","1","0.9047619","0.0952381","1","1","0","1","1","0","1","1","1","1","1","1","0","1","0","0","0","1","0","1","1","1","1","1","1","1","1","1","0","1","1","1","0","1","0","1","1","1","0","1","1","0","1","1","1","1","1","0","1","1","0","1","0","0","1","0","1","1","0","1","0","1","1","1","1","1","0","0.8095238","0.1904762","1","1","1","0","1","0","1","0","1","0","1","0","1","0","0","1","0","1","0","1","0","1","1","1","0","0","1","1","1","1","1","1","1","1","1","0","1","1","0","1","0","1","1","0","0","1","0","1","1","1","0","1","1","1","1","1","1","0","1","1","1","1","1","1","0","1","0","1","1","1","0.7619048","0.2380952","0","0","1","1","0","0","0","0","1","0","0","1","0","1","0","0","1","0","1","1","0","0","0","1","1","0","1","1","1","1","1","1","1","1","1","1","1","0.8095238","0.1904762","0","0","1","1","0","1","0","1","0","1","0","0.9047619","0.0952381","1","0","1","0.8095238","0.1904762","1","0","0","1","0","1","0.8095238","0.1904762","0","1","1","0","1","1","0","0","0","0","1","0","0","1","1","1","1","1","1","1","1","1","1","1","0","1","0","1","0","1","1","0","1","1","1","1","0.1904762","0.8095238","1","0","0.1904762","0.8095238","0","0","1","1","1","1","1","1","1","1","1","1","1","0","0","1","0","0","0","1","1","1","0","1","0.95238095","0.04761905","0","0.9047619","0.0952381","0","1","1","1","0","1","0.9047619","0.0952381","0","0","1","1","0","1","1","0","1","1","0","1","0","1","0","0","1","0","0.6190476","0.3809524","1","1","1","1","1","0","1","1","1","1","1","0","1","1","0","0","1","0","0","0.95238095","0.04761905","0","1","1","0","1","1","1","1","1","1","1","1","1","1","1","0.95238095","0.04761905","0","1","1","1","0","0.95238095","0.04761905","0","1","1","1","1","1","1","1","1","1","0","1","0","0","1","1","1","1","1","1","1","1","1","1","1","1","1","0","1","1","1","1","1","1","0","0.1904762","0.8095238","1","0","1","1","1","0","0","0","0","1","0","0"
"2012","1","1","1","0","1","1","1","1","1","1","1","1","1","1","0","1","1","1","1","0","0","1","1","0","1","0","0","1","1","1","0","1","1","1","0","0","1","1","0","1","1","0","0","0","0","1","0","0","1","1","1","1","1","0","0","1","0","1","1","1","0","1","0","1","0","1","0","0","1","0","0","0","1","0","0","0","1","0","0","1","0","0","1","1","0","0","1","1","0","1","1","1","1","0","1","0","1","0","0","1","1","1","0","1","1","0","0","1","1","1","0","1","0","1","1","1","1","0","1","0","1","1","1","1","0","1","1","0","0","0","0","1","1","0","0","0.8461538","0","0.1538462","0","1","0","1","1","0","1","1","1","0","1","1","0","1","1","1","1","0.07692308","0.92307692","0","1","1","0","0","1","1","1","1","1","1","1","1","1","1","1","1","1","1","0","1","0","0","1","0","1","1","0","1","1","1","1","1","1","1","1","1","1","1","1","0","1","0","0","0","0.92307692","0.07692308","1","0","1","1","0","1","1","1","1","1","1","1","1","1","1","0","0.92307692","0.07692308","0","1","1","0","0","0","0","1","0","1","1","0","1","0.92307692","0","0","0.07692308","0","1","0","1","0","0","0.53846154","0.30769231","0.07692308","0.07692308","1","1","1","0","1","0","0","1","1","1","1","1","1","0","1","1","1","1","1","1","1","1","1","1","1","1","1","1","1","0","1","1","1","1","1","1","1","1","1","1","1","1","1","1","1","1","0","1","1","0","1","0","1","1","0","1","1","0","1","1","1","1","1","1","1","1","1","1","1","0","1","1","0","1","1","0","1","1","1","1","1","1","0","1","0","0","0","1","0","1","1","1","1","1","1","1","1","1","0","1","1","1","0","1","0","1","1","1","0","1","1","0","1","1","1","1","1","0","1","1","0","1","0","0","1","0","1","1","0","1","0","1","1","1","1","1","0","1","0","1","1","1","0","1","0","1","0","1","0","1","0","1","0","0","1","0","1","0","1","0","1","1","1","0","0","1","1","1","1","1","1","1","1","1","0","1","1","0","1","0","1","1","0","0","1","0","1","1","1","0","1","1","1","1","1","1","0","1","1","1","1","1","1","0","1","0","1","1","1","1","0","0","0","1","1","0","0","0","0","1","0","0","1","0","1","0","0","1","0","1","1","0","0","0","1","0.92307692","0.07692308","1","1","1","1","1","1","1","1","1","1","1","1","0","0","0","1","1","0","1","0","1","0","1","0","1","0","1","0","1","1","0","0.92307692","0.07692308","0","1","0","1","1","0","0","1","1","0","1","1","0","0","0","0","1","0","0","1","1","1","1","1","1","1","1","1","1","1","0","1","0","0.92307692","0.07692308","1","1","0","1","1","1","1","0","1","1","0","0","1","0","0","1","1","1","1","1","1","1","1","1","1","1","0","0","1","0","0","0","1","1","1","0","1","1","0","0","1","0","0","1","1","1","0","1","1","0","0","0","1","1","0","1","1","0","1","1","0","1","0","1","0","0","1","0","0","1","1","1","1","1","1","0","1","1","1","1","1","0","1","1","0","0","1","0","0","1","0","0","1","1","0","1","1","1","1","1","1","1","1","1","1","1","1","0","0","1","1","1","0","0.8461538","0.1538462","0","1","1","1","1","1","1","1","1","1","0","1","0","0","1","1","1","1","1","1","1","1","1","1","1","1","1","0","1","1","1","1","1","1","0","0","1","1","0","1","1","1","0","0","0","0","1","0","0"
"2013","1","1","1","0","1","1","1","1","1","1","1","1","1","0.90909091","0.09090909","1","1","1","1","0","0","1","1","0","0.90909091","0.09090909","0","1","1","0.90909091","0.09090909","1","1","1","0","0","1","1","0","1","1","0","0","0","0","1","0","0","1","1","1","1","1","0","0","0.90909091","0.09090909","1","1","1","0","1","0","0.90909091","0.09090909","1","0","0","0.8181818","0.1818182","0","0","1","0","0","0","1","0","0","1","0","0","1","1","0","0","1","1","0","1","1","1","1","0","1","0","1","0","0","1","1","1","0","1","1","0","0","1","1","1","0","1","0","1","1","1","1","0","1","0","1","1","1","1","0","1","1","0","0","0","0","1","1","0","0","1","0","0","0","1","0","1","1","0","1","1","1","0","1","1","0","1","1","1","1","0.09090909","0.90909091","0","1","1","0","0","1","1","1","1","1","1","1","1","1","1","1","1","1","1","0","1","0","0","1","0","1","1","0","1","1","1","1","1","1","1","1","1","1","1","1","0","1","0","0","0","1","0","1","0","1","1","0","1","1","1","1","1","1","1","1","1","1","0","1","0","0","1","1","0","0","0","0","1","0","1","1","0","1","0.8181818","0.1818182","0","0","0","1","0","1","0","0","0.54545455","0.36363636","0","0.09090909","1","1","1","0","1","0","0","1","1","1","1","1","1","0","1","1","1","1","1","1","1","1","1","1","1","1","1","1","1","0","1","1","1","1","1","1","1","1","1","1","1","1","1","1","1","1","0","1","1","0","1","0","1","1","0","1","1","0","1","1","1","1","1","1","1","1","1","1","1","0","1","1","0","1","1","0","1","1","1","1","1","1","0","0.8181818","0","0.1818182","0","1","0","1","1","1","1","1","1","1","1","1","0","1","1","1","0","1","0","1","1","1","0","1","1","0","1","1","1","1","0.90909091","0.09090909","1","1","0","1","0","0","1","0","1","1","0","1","0","1","1","1","1","1","0","0.8181818","0.1818182","1","1","1","0","1","0","1","0","1","0","1","0","1","0","0","1","0","1","0","1","0","1","1","1","0","0","1","1","1","1","1","1","1","1","1","0","1","1","0","1","0","1","1","0","0","1","0","1","1","1","0","1","1","1","1","1","1","0","1","1","1","1","1","1","0","1","0","1","1","1","1","0","0","0","1","1","0","0","0","0","1","0","0","1","0","1","0","0","1","0","1","1","0","0","0","1","1","0","1","1","1","1","1","1","1","1","1","1","1","1","0","0","0","1","1","0","1","0","1","0","1","0","1","0","1","0","1","1","0","1","0","0","1","0","1","1","0","0","1","1","0","1","1","0","0","0","0","1","0","0","1","1","1","1","1","1","1","1","1","1","1","0","1","0","1","0","1","1","0","1","1","1","1","0","1","1","0","0","1","0","0","1","1","1","1","1","1","1","1","1","1","1","0","0","1","0","0","0","1","1","1","0","1","1","0","0","0.90909091","0","0.09090909","1","1","1","0","1","0.90909091","0","0.09090909","0","1","1","0","1","1","0","1","0.90909091","0.09090909","1","0","1","0","0","1","0","0","1","1","1","1","1","1","0","1","1","1","1","0.90909091","0.09090909","1","1","0","0","1","0","0","1","0","0","1","1","0","1","1","1","1","1","1","1","1","1","1","1","1","0","0","1","1","1","0","1","0","0","1","1","1","1","1","1","1","1","1","0","1","0","0","1","1","1","1","1","1","1","1","1","1","1","1","1","0","1","1","1","1","1","1","0","0","1","1","0","1","1","1","0","0","0","0","1","0","0"
"2014","1","1","1","0","1","1","1","1","1","1","1","1","1","1","0","1","1","1","1","0","0","1","1","0","1","0","0","1","1","1","0","1","1","1","0","0","1","1","0","1","0.98214286","0","0","0.01785714","0","1","0","0","1","1","1","1","0.98214286","0.01785714","0","1","0","1","1","1","0","1","0","1","0","1","0","0","0.98214286","0.01785714","0","0","0.96428571","0","0.01785714","0.01785714","0.98214286","0.01785714","0","1","0","0","1","1","0","0","1","1","0","1","1","1","0.96428571","0.03571429","1","0","1","0","0","1","1","1","0","1","1","0","0","1","1","1","0","0.98214286","0.01785714","1","1","1","0.98214286","0.01785714","1","0","1","1","1","1","0","1","1","0","0","0","0","1","1","0","0","1","0","0","0","1","0","1","1","0","1","1","1","0","1","0.98214286","0.01785714","1","1","1","1","0","1","0","1","0.87500000","0.10714286","0.01785714","1","1","1","1","1","1","1","1","1","1","1","1","1","1","0","1","0","0","1","0","1","1","0","1","1","1","1","1","1","1","1","1","1","1","1","0","0.98214286","0.01785714","0","0","0.98214286","0.01785714","0.98214286","0.01785714","1","1","0","1","1","1","1","1","1","1","1","1","1","0","1","0","0","1","0.96428571","0","0.01785714","0.01785714","0","1","0","1","1","0","1","0.92857143","0.03571429","0","0.03571429","0","1","0","0.91071429","0.08928571","0","0.91071429","0.08928571","0","0","1","1","1","0","0.8928571","0.1071429","0","1","1","1","1","1","1","0","1","1","1","1","1","1","1","1","1","1","1","1","1","1","1","0","1","1","1","1","1","1","1","1","1","1","1","1","1","1","1","1","0","1","1","0","1","0","1","0.98214286","0.01785714","1","0.98214286","0.01785714","1","1","1","1","1","1","1","1","1","1","0.98214286","0.01785714","1","0.96428571","0.03571429","1","1","0","1","1","1","1","1","1","0","0.1071429","0","0.8928571","0","1","0","1","1","1","1","1","1","1","1","0.8571429","0.1428571","1","1","1","0","1","0","1","1","0.98214286","0.01785714","1","1","0","1","1","1","1","0.875","0.125","1","1","0","1","0","0","1","0","1","0.8928571","0.1071429","1","0","1","1","1","1","1","0","1","0","1","1","1","0","1","0","0.98214286","0.01785714","0.98214286","0.01785714","1","0","1","0","0.25","0.75","0","1","0","0.98214286","0.01785714","1","1","0.98214286","0.01785714","0","1","1","1","1","1","1","1","1","1","0","1","1","0","1","0","1","1","0","0","0.98214286","0.01785714","1","1","1","0","1","1","1","1","1","1","0","1","1","1","1","1","1","0","1","0","1","1","1","1","0","0","0","1","1","0","0","0","0","1","0","0","0.98214286","0.01785714","0.94642857","0.01785714","0.03571429","1","0","1","0.8928571","0","0.1071429","0","1","1","0","1","1","1","1","1","1","1","1","1","1","1","1","0","0","0","1","0.98214286","0.01785714","1","0","1","0","1","0","1","0","1","0","1","1","0","1","0","0","0.96428571","0.03571429","1","1","0","0","1","1","0","1","1","0","0","0","0","1","0","0","1","1","1","1","1","1","1","1","1","1","0.98214286","0.01785714","1","0","1","0","1","0.98214286","0.01785714","1","1","1","1","0","1","1","0","0","0.98214286","0.01785714","0","1","1","1","1","1","1","1","1","1","1","0.80357143","0.01785714","0.17857143","0.96428571","0","0.01785714","0.01785714","1","1","1","0","1","1","0","0","1","0","0","1","1","1","0","1","0.5","0","0.5","0","1","1","0","1","1","0","1","0.98214286","0.01785714","1","0","1","0","0","1","0","0","1","1","1","1","1","1","0","1","1","1","1","0.8928571","0.1071429","1","1","0","0","1","0","0","1","0","0","1","1","0","1","1","1","1","1","1","1","1","1","1","1","0.98214286","0","0.01785714","1","1","1","0","1","0","0","1","1","1","1","1","1","1","1","1","0","1","0","0","1","1","1","1","1","1","1","1","1","1","1","1","1","0","1","1","1","1","1","1","0","0","1","1","0","1","1","0.98214286","0","0.01785714","0","0","1","0","0"
"2015","1","1","1","0","1","1","1","1","1","1","1","1","1","1","0","1","1","1","1","0","0","1","1","0","1","0","0","1","1","1","0","1","1","1","0","0","1","1","0","1","1","0","0","0","0","1","0","0","1","1","1","1","1","0","0","1","0","1","1","1","0","1","0","1","0","1","0","0","1","0","0","0","1","0","0","0","1","0","0","1","0","0","1","1","0","0","1","0.94444444","0.05555556","1","1","1","1","0","1","0","1","0","0","1","1","1","0","1","1","0","0","1","1","1","0","0.94444444","0.05555556","1","1","1","1","0","1","0","1","1","1","1","0","1","1","0","0","0","0","1","1","0","0","1","0","0","0","0.94444444","0.05555556","1","1","0","1","1","1","0","1","1","0","1","1","1","1","0","0.94444444","0.05555556","1","1","0","0","1","1","1","1","1","1","1","1","1","1","1","1","1","1","0","1","0","0","1","0","1","1","0","1","1","1","1","1","1","1","1","1","1","1","1","0","1","0","0","0","1","0","1","0","1","1","0","1","1","1","1","1","1","1","1","1","1","0","1","0","0","1","0.88888889","0","0","0.05555556","0.05555556","1","0","1","1","0","1","1","0","0","0","0","0.94444444","0.05555556","1","0","0","0.94444444","0.05555556","0","0","1","1","1","0","1","0","0","1","1","1","1","1","1","0","1","1","1","1","1","1","1","1","1","1","1","1","1","1","1","0","1","1","1","1","1","1","1","1","1","1","1","1","1","1","1","1","0","1","1","0","1","0","1","1","0","1","1","0","1","1","1","1","1","1","1","1","1","1","0.94444444","0.05555556","1","1","0","1","1","0","1","1","1","1","1","1","0","0","0","1","0","1","0","1","1","1","1","1","1","1","1","1","0","1","1","1","0","1","0","1","1","1","0","1","1","0","1","1","1","1","0.2222222","0.7777778","1","0.3333333","0.6666667","1","0","0","1","0","1","1","0","1","0","1","1","1","1","1","0","1","0","1","1","1","0","1","0","0.94444444","0.05555556","1","0","0.94444444","0.05555556","0.94444444","0.05555556","0.8333333","0.1666667","0","1","0","1","0","1","1","1","0","0","1","1","1","1","1","1","1","1","1","0","1","1","0","1","0","1","1","0","0","1","0","1","1","1","0","1","1","1","1","1","1","0","1","1","1","1","1","1","0","1","0","1","1","1","1","0","0","0","1","1","0","0","0","0","1","0","0","1","0","1","0","0","1","0","1","1","0","0","0","1","0.94444444","0.05555556","1","1","1","1","1","1","1","1","1","1","1","0.8888889","0.1111111","0","0","1","0.94444444","0.05555556","1","0","1","0","1","0","1","0","1","0","1","1","0","1","0","0","1","0","1","1","0","0","1","1","0","1","1","0","0","0","0","1","0","0","1","1","1","1","1","1","1","1","1","1","1","0","1","0","1","0","1","1","0","1","1","1","1","0","1","1","0","0.05555556","0.94444444","0","0","1","1","1","1","1","1","1","1","1","1","0.2222222","0","0.7777778","1","0","0","0","1","1","1","0","1","1","0","0","1","0","0","1","1","1","0","1","0.8333333","0","0.1666667","0","1","1","0","1","1","0","1","1","0","1","0","1","0","0","1","0","0","1","1","1","1","1","1","0","1","1","1","1","1","0","1","1","0","0","1","0","0","1","0","0","1","1","0","1","1","1","1","1","1","1","1","1","1","1","1","0","0","1","1","1","0","0.94444444","0","0.05555556","1","1","1","1","1","1","1","1","0.8888889","0.1111111","1","0","0","1","1","1","1","1","1","1","1","1","1","1","1","1","0","1","1","1","1","1","1","0","0","1","1","0","1","1","0.8888889","0","0.1111111","0","0","1","0","0"
"2016","1","1","1","0","1","1","1","1","1","1","1","1","1","1","0","1","1","1","1","0","0","1","1","0","1","0","0","1","1","1","0","1","1","1","0","0","1","1","0","1","1","0","0","0","0","0.97368421","0.02631579","0","1","1","1","1","0.97368421","0","0.02631579","1","0","1","1","1","0","1","0","1","0","1","0","0","1","0","0","0","1","0","0","0","1","0","0","1","0","0","1","1","0","0","1","1","0","1","1","1","1","0","1","0","1","0","0","1","1","1","0","1","1","0","0","1","1","1","0","1","0","1","1","1","1","0","1","0","1","1","1","1","0","1","1","0","0","0","0","1","1","0","0","1","0","0","0","1","0","1","1","0","1","1","1","0","1","1","0","1","1","1","1","0","1","0","1","1","0","0","1","1","1","1","1","1","1","1","1","1","1","1","1","1","0","1","0","0","1","0","1","1","0","1","1","1","1","1","1","1","1","1","1","1","1","0","1","0","0","0","1","0","1","0","1","1","0","1","1","1","1","1","1","1","1","1","0.7894737","0.2105263","0.97368421","0","0.02631579","1","1","0","0","0","0","0.97368421","0.02631579","1","1","0","1","1","0","0","0","0.1578947","0.8421053","0","1","0","0","1","0","0","0","1","1","1","0","1","0","0","1","1","1","1","1","1","0","1","1","1","1","1","1","1","1","1","1","1","1","1","1","1","0","1","1","1","1","1","1","1","1","1","1","1","1","1","1","1","1","0","1","1","0","1","0","1","1","0","1","1","0","1","1","1","1","1","1","1","1","1","1","1","0","1","1","0","1","1","0","1","1","1","1","1","1","0","0","0","1","0","1","0","1","1","1","1","1","1","1","1","0.92105263","0.07894737","1","1","1","0","1","0","1","1","1","0","1","0.97368421","0.02631579","1","1","1","1","0.1052632","0.8947368","1","0.1315789","0.8684211","1","0","0","1","0","1","1","0","1","0","1","1","1","1","1","0","1","0","1","1","1","0","1","0","1","0","1","0","1","0","1","0","0.92105263","0.07894737","0","1","0","1","0","1","1","1","0","0","1","1","1","1","1","1","1","1","1","0","1","1","0","1","0","1","1","0","0","1","0","1","1","1","0","1","1","1","1","1","1","0","1","1","1","1","1","1","0","1","0","1","1","1","1","0","0","0","1","0.97368421","0.02631579","0","0","0","1","0","0","1","0","1","0","0","1","0","1","1","0","0","0","1","1","0","1","1","1","1","1","1","1","1","1","1","1","0.92105263","0","0.05263158","0.02631579","1","1","0","1","0","0.97368421","0.02631579","1","0","1","0","1","0","1","1","0","0.2894737","0.7105263","0","1","0","1","1","0","0","1","1","0","1","1","0","0","0","0","1","0","0","1","1","1","1","1","1","1","1","1","1","1","0","1","0","1","0","1","1","0","1","1","1","1","0","1","1","0","0","1","0","0","1","1","1","1","1","1","1","1","1","1","0.1052632","0","0.8947368","1","0","0","0","1","1","1","0","1","0.8157895","0","0.1842105","1","0","0","1","1","1","0","1","0.92105263","0","0.07894737","0","1","1","0","1","1","0","1","1","0","1","0","1","0","0","1","0","0","1","1","1","1","1","1","0","1","1","1","1","1","0","1","1","0","0","1","0","0","0.94736842","0","0.05263158","1","1","0","1","1","1","1","1","1","1","1","1","1","1","1","0","0","1","1","1","0","1","0","0","1","1","1","1","1","1","1","1","1","0","1","0","0","1","1","1","1","1","1","1","1","1","1","1","1","1","0","1","1","1","1","1","1","0","0","1","1","0","1","1","0.1315789","0","0.8684211","0","0","1","0","0"
"2017","1","1","1","0","1","1","1","1","1","1","1","1","1","1","0","1","1","1","1","0","0","1","1","0","0.98615917","0.01384083","0","1","1","1","0","1","1","0.996539792","0.003460208","0","1","1","0","1","0.996539792","0","0","0","0.003460208","0.996539792","0","0.003460208","1","1","1","1","1","0","0","1","0","1","1","1","0","1","0","1","0","0.996539792","0","0.003460208","0.913494810","0.058823529","0.006920415","0.020761246","0.97923875","0.02076125","0","0","0.993031359","0","0.006968641","1","0","0","1","1","0","0","1","1","0","1","1","1","1","0","0.996539792","0.003460208","0.996539792","0.003460208","0","1","1","0.94117647","0.05882353","1","0.98961938","0.01038062","0","1","1","1","0","1","0","1","1","1","1","0","1","0","1","1","1","0.94463668","0.05536332","1","1","0","0","0","0","1","0.993079585","0.006920415","0","1","0","0","0.006920415","0.986159170","0.006920415","1","1","0","1","1","1","0","1","1","0","1","1","1","1","0.1937716","0.8062284","0","1","1","0","0","1","1","1","1","1","1","1","1","1","1","1","1","1","0.97923875","0.02076125","0.996539792","0","0.003460208","0.996539792","0.003460208","1","0.996539792","0.003460208","1","1","1","1","1","1","1","1","1","1","1","1","0","0.7577855","0","0.2422145","0","1","0","1","0","1","0.996539792","0.003460208","1","1","1","1","1","1","1","1","1","0.8858131","0.1141869","1","0","0","1","0.8961938","0","0","0.1038062","0","1","0","1","1","0","1","1","0","0","0","0.038062284","0.955017301","0.006920415","0.993079585","0","0.006920415","0.98615917","0.01384083","0","0","1","1","0.993079585","0.006920415","1","0","0","1","1","1","1","1","0.8269896","0.1730104","1","1","1","1","1","1","1","1","1","1","1","1","1","1","0.8512111","0.1487889","1","1","1","1","1","1","1","1","1","1","1","1","1","1","1","1","0","1","0.993079585","0.006920415","1","0","1","0.996539792","0.003460208","1","1","0","1","1","1","1","1","1","1","1","1","1","0.993079585","0.006920415","1","1","0","1","1","0","1","1","1","1","1","0.6539792","0.3460208","0","0","0.993079585","0.006920415","0.996539792","0.003460208","1","1","1","1","1","1","1","1","1","0","1","1","0.8788927","0.1211073","1","0","1","1","1","0","1","1","0","1","1","1","1","0","1","1","0","1","0.996539792","0.003460208","0","1","0","1","1","0","1","0","1","1","1","1","1","0","1","0","1","1","1","0","1","0","1","0","1","0","1","0","1","0","1","0","0","1","0","1","0","1","1","0.996539792","0","0.003460208","1","1","1","1","1","1","1","1","0.993079585","0.006920415","1","1","0","0.993079585","0.006920415","1","1","0","0","1","0","1","1","1","0","1","1","1","1","1","1","0","1","1","1","1","1","1","0","0.6782007","0.3217993","1","1","1","1","0","0","0","1","0.996539792","0","0.003460208","0","0","0.986159170","0.006920415","0.006920415","1","0","1","0","0","0.9550173","0.0449827","1","0.8961938","0","0","0.1038062","1","1","0","1","1","1","1","1","1","1","1","1","1","1","0.4636678","0.1038062","0","0.4325260","1","1","0","0.98269896","0.01730104","1","0","0.993079585","0.006920415","0.996539792","0.003460208","1","0","1","1","0","0.24913495","0.73010381","0.02076125","1","0","1","0.97231834","0","0.02768166","1","1","0","1","0.927335640","0.003460208","0.041522491","0.024221453","0.003460208","1","0","0","1","1","1","1","1","1","1","1","1","1","1","0","0.996539792","0.003460208","1","0","1","1","0","1","1","1","1","0","1","1","0","0","1","0","0","1","1","1","1","1","1","1","1","1","1","0.006920415","0","0.993079585","1","0","0","0","1","1","0.993079585","0.006920415","1","0.98961938","0.01038062","0","1","0","0","1","1","1","0","1","0.972318339","0","0.024221453","0.003460208","1","0.996539792","0.003460208","1","1","0","1","0.97923875","0.02076125","0.98615917","0.01384083","0.993079585","0.006920415","0","1","0","0","1","1","1","1","1","1","0","1","1","1","1","0.996539792","0.003460208","1","0.8615917","0","0.1384083","0.986159170","0.010380623","0.003460208","1","0","0","1","0.996539792","0.003460208","1","1","1","1","1","1","1","1","1","1","1","1","0","0","1","1","1","0","1","0","0","1","1","1","1","1","1","1","1","1","0","0.94463668","0.05536332","0","1","1","1","1","1","1","1","1","1","1","1","1","1","0","1","1","1","1","1","0.95155709","0.04844291","0","1","1","0","1","1","0","0","0.823529412","0.173010381","0.003460208","1","0","0"
"2018","1","1","1","0","1","1","1","1","1","1","1","1","1","1","0","1","1","1","1","0","0","1","0.98305085","0.01694915","0.94915254","0","0.05084746","1","1","1","0","1","1","1","0","0","1","1","0","1","1","0","0","0","0","1","0","0","1","1","1","1","1","0","0","1","0","1","1","1","0","1","0","1","0","1","0","0","1","0","0","0","1","0","0","0","1","0","0","1","0","0","1","1","0","0","1","1","0","1","1","1","1","0","1","0","1","0","0","1","1","0.96610169","0.03389831","1","1","0","0","1","1","1","0","1","0","1","1","1","1","0","1","0","1","1","1","0.98305085","0.01694915","1","1","0","0","0","0","1","1","0","0","1","0","0","0","1","0","1","1","0","1","1","1","0","1","1","0","1","1","1","1","0.15254237","0.81355932","0.03389831","1","1","0","0","1","1","1","1","1","1","1","1","1","1","1","1","1","1","0","1","0","0","1","0","1","1","0","1","1","1","1","1","1","1","1","1","1","1","1","0","0.5084746","0","0.4915254","0","0.8305085","0.1694915","1","0","1","1","0","1","1","1","1","1","1","1","1","1","0.91525424","0.08474576","1","0","0","1","0.91525424","0","0","0.08474576","0","1","0","1","1","0","1","1","0","0","0","0","0.91525424","0.08474576","1","0","0","1","0","0","0","1","1","1","0","1","0","0","1","1","1","1","1","0.8644068","0.1355932","1","1","1","1","1","1","1","1","1","1","1","1","1","1","0.8474576","0.1525424","1","1","1","1","1","1","1","1","1","1","1","1","1","1","1","1","0","1","1","0","1","0","1","1","0","1","1","0","1","1","1","1","1","1","1","1","1","1","1","0","1","1","0","1","1","0","1","1","1","1","1","0.3728814","0.6271186","0","0","1","0","1","0","1","1","1","1","1","1","1","1","1","0","1","1","0.96610169","0.03389831","1","0","1","1","1","0","1","1","0","1","1","1","1","0","1","1","0","1","1","0","0","0.98305085","0.01694915","1","1","0","0.98305085","0.01694915","1","1","1","1","1","0","1","0","1","1","1","0","0.98305085","0.01694915","1","0","1","0","1","0","1","0","1","0","0","1","0","1","0","1","1","1","0","0","1","1","1","1","1","1","1","1","1","0","1","1","0","1","0","1","0.98305085","0","0.01694915","1","0","1","1","1","0","1","1","1","1","1","1","0","1","1","1","1","1","1","0","0.3728814","0.6271186","1","1","1","1","0","0","0","1","0.98305085","0.01694915","0","0","0","1","0","0","1","0","1","0","0","0.8644068","0.1355932","1","0.91525424","0","0","0.08474576","1","1","0","1","1","1","1","1","1","1","1","1","1","1","0.3898305","0","0","0.6101695","1","1","0","1","0","1","0","1","0","1","0","1","0","1","0.94915254","0.05084746","0","1","0","1","0","1","0.96610169","0","0.03389831","1","1","0","1","0.98305085","0","0.01694915","0","0","0.98305085","0","0.01694915","1","1","1","1","1","1","1","1","1","1","1","0","1","0","1","0","1","1","0","1","1","1","1","0","1","0.98305085","0.01694915","0","1","0","0","1","1","1","1","1","1","1","1","1","1","0","0","1","1","0","0","0","1","1","1","0","1","0.8474576","0.1525424","0","1","0","0","1","1","0.98305085","0.01694915","1","1","0","0","0","1","1","0","1","1","0","1","1","0","1","0","1","0","0","1","0","0","1","1","1","1","1","1","0","1","1","1","1","1","0","1","1","0","0","1","0","0","1","0","0","1","1","0","1","1","1","1","1","1","1","1","1","1","1","1","0","0","1","1","1","0","1","0","0","1","1","1","1","1","1","1","1","1","0","0.96610169","0","0.03389831","1","1","1","1","1","1","1","1","1","1","1","1","1","0","1","1","1","1","1","1","0","0","1","1","0","1","1","0","0","0.8644068","0.1355932","0","1","0","0"
"2019","1","1","1","0","1","1","1","1","1","1","1","1","1","1","0","1","1","1","1","0","0","1","1","0","1","0","0","1","1","1","0","1","1","1","0","0","1","1","0","1","1","0","0","0","0","1","0","0","1","1","1","1","1","0","0","1","0","1","1","1","0","1","0","1","0","1","0","0","1","0","0","0","0.8974359","0.1025641","0","0","1","0","0","0.98717949","0.01282051","0","1","1","0","0","1","1","0","1","1","1","1","0","1","0","1","0","0","1","1","1","0","1","1","0","0","1","1","0.97435897","0.02564103","1","0","1","1","1","1","0","1","0","1","1","1","1","0","1","0.98717949","0","0","0","0.01282051","1","0.97435897","0","0.02564103","1","0","0","0","1","0","1","1","0","1","1","0.97435897","0.02564103","1","1","0","1","1","1","1","0","0.97435897","0.02564103","1","1","0","0","1","1","1","1","1","1","1","1","1","1","1","1","1","1","0","1","0","0","1","0","1","1","0","1","1","1","1","1","1","1","1","1","1","1","1","0","0.03846154","0","0.96153846","0","1","0","1","0","1","1","0","1","1","1","1","1","1","1","1","1","1","0","1","0","0","1","0.97435897","0","0","0.02564103","0","1","0","1","1","0","1","1","0","0","0","0","1","0","1","0","0","1","0","0","0","1","1","1","0","1","0","0","1","1","1","1","1","1","0","1","1","1","1","1","1","1","1","1","1","1","1","1","1","1","0","1","1","1","1","1","1","1","1","1","1","1","1","1","1","1","1","0","1","1","0","1","0","1","1","0","1","1","0","1","1","1","1","1","1","1","1","1","1","1","0","1","1","0","1","1","0","1","1","1","1","1","0","1","0","0","1","0","1","0","1","1","1","1","1","1","1","1","0.97435897","0.02564103","1","1","1","0","1","0","1","1","1","0","1","1","0","1","1","1","1","0","1","1","0","1","1","0","0","1","0","1","1","0","1","0","1","1","1","1","1","0","1","0","1","1","1","0","1","0","1","0","1","0","1","0","1","0","1","0","0","1","0","1","0","1","1","1","0","0","1","1","1","1","1","1","1","1","1","0","1","0.97435897","0.02564103","1","0","1","1","0","0","1","0","1","1","1","0","1","1","1","1","1","1","0","1","1","1","1","1","1","0","0","1","1","1","1","0.97435897","0.02564103","0","0","1","1","0","0","0","0","1","0","0","1","0","1","0","0","1","0","1","0.525641","0","0","0.474359","1","1","0","1","1","1","1","1","1","1","1","1","1","1","0","0","0","1","1","1","0","1","0","1","0","1","0","0.97435897","0.02564103","0.97435897","0.02564103","1","0.98717949","0.01282051","0","1","0","1","0","1","0.98717949","0","0.01282051","1","0.4487179","0.5512821","1","0.94871795","0.05128205","0","0","0","1","0","0","1","1","1","1","1","1","1","1","1","1","1","0","1","0","1","0","1","1","0","1","1","1","1","0","1","1","0","0","0.98717949","0","0.01282051","1","1","1","1","1","1","1","1","1","1","0","0","1","1","0","0","0","1","1","1","0","1","1","0","0","1","0","0","1","1","1","0","1","1","0","0","0","1","1","0","1","1","0","1","0.97435897","0.02564103","0.98717949","0.01282051","1","0","0","1","0","0","1","1","1","1","1","1","0","1","1","1","1","1","0","1","1","0","0","1","0","0","0.97435897","0","0.02564103","1","1","0","1","1","1","1","1","1","1","1","1","1","1","1","0","0","1","1","1","0","1","0","0","1","1","1","1","1","1","1","1","1","0","1","0","0","1","1","1","1","1","1","1","1","1","1","1","1","1","0","1","1","1","1","1","0.98717949","0.01282051","0.01282051","0.98717949","0.98717949","0.01282051","1","1","0","0","1","0","0","0.73076923","0.02564103","0.24358974"
"2020","1","1","1","0","1","1","1","1","1","1","1","1","1","1","0","1","1","1","1","0","0","1","1","0","1","0","0","1","1","1","0","1","1","1","0","0","1","0.96774194","0.03225806","1","1","0","0","0","0","1","0","0","1","1","1","1","1","0","0","1","0","1","1","1","0","1","0","1","0","1","0","0","1","0","0","0","1","0","0","0","1","0","0","0.93548387","0","0.06451613","1","1","0","0","1","0.96774194","0.03225806","1","1","1","1","0","1","0","0.93548387","0","0.06451613","1","1","1","0","1","0.90322581","0","0.09677419","1","1","1","0","1","0","1","1","1","1","0","1","0","1","1","1","0.93548387","0.06451613","1","0.96774194","0.03225806","0","0","0","1","1","0","0","1","0","0","0","1","0","1","1","0","1","1","1","0","1","1","0","1","1","1","1","0.1290323","0.8709677","0","1","1","0","0","1","1","1","1","1","1","1","1","1","1","1","1","1","1","0","1","0","0","1","0","1","1","0","1","1","1","1","1","1","1","1","1","1","1","1","0","0.06451613","0","0.90322581","0.03225806","1","0","1","0","1","1","0","1","1","1","1","1","1","1","1","1","0.93548387","0.06451613","0.96774194","0.03225806","0","1","1","0","0","0","0","1","0","1","1","0","1","1","0","0","0","0.06451613","0.93548387","0","1","0","0","1","0","0","0","1","1","1","0","0.93548387","0","0.06451613","1","1","1","1","1","0.93548387","0.06451613","1","1","1","1","1","1","1","1","1","1","1","1","1","1","1","0","1","1","1","1","1","1","1","1","1","1","1","1","1","1","1","0.96774194","0.03225806","1","1","0","1","0","1","1","0","1","1","0","1","1","1","1","1","1","1","1","1","1","1","0","1","1","0","1","1","0","1","1","1","1","1","0.06451613","0.93548387","0","0","1","0","1","0","1","1","1","1","1","1","1","1","1","0","1","1","1","0","0.96774194","0.03225806","1","1","1","0","1","1","0","1","1","1","1","0","1","1","0","1","1","0","0","1","0","1","1","0","1","0","1","1","1","1","0.96774194","0.03225806","1","0","1","1","1","0","1","0","0.8709677","0.1290323","1","0","1","0","1","0","1","0","0","1","0","1","0","1","1","1","0","0","1","1","1","1","1","1","1","1","1","0","1","1","0","1","0","1","1","0","0","1","0","1","1","1","0","1","1","1","1","1","1","0","1","1","1","1","1","1","0","0.06451613","0.93548387","1","1","1","0.93548387","0","0","0.06451613","1","0.93548387","0","0","0.03225806","0.03225806","1","0","0","1","0","1","0","0","1","0","1","0.58064516","0.03225806","0","0.38709677","1","1","0","1","1","1","1","1","1","1","1","1","1","1","0","0.06451613","0","0.93548387","1","1","0","1","0","1","0","1","0","1","0","1","0","1","1","0","0","1","0","1","0","1","1","0","0","1","0.1290323","0.8709677","1","0.7741935","0.2258065","0","0","0","1","0","0","1","1","1","1","1","1","1","1","1","1","1","0","1","0","1","0","1","1","0","1","1","1","1","0","1","1","0","0","1","0","0","1","1","1","1","1","1","1","1","1","1","0","0","1","1","0","0","0","1","1","1","0","1","0.93548387","0.06451613","0","1","0","0","1","1","1","0","1","1","0","0","0","1","1","0","1","1","0","1","1","0","1","0","1","0","0","0.96774194","0.03225806","0","1","1","1","1","1","1","0","1","1","1","1","1","0","1","1","0","0","1","0","0","1","0","0","1","1","0","1","1","1","1","1","1","1","1","1","1","1","1","0","0","1","1","1","0","1","0","0","1","1","1","1","1","1","1","1","1","0","1","0","0","1","1","1","1","1","1","1","1","1","1","1","1","0.93548387","0.06451613","1","1","1","1","1","0.7741935","0.2258065","0","1","0.7741935","0.2258065","1","1","0","0","1","0","0","0.5483871","0","0.4516129"
